{"cameraMode":{"drawMode":0,"name":"Shaded","section":"Shading Mode"},"sceneLighting":false,"audioPlay":false,"sceneViewState":{"m_AlwaysRefresh":false,"showFog":true,"showSkybox":false,"showFlares":true,"showImageEffects":true,"showParticleSystems":true,"showVisualEffectGraphs":true,"m_FxEnabled":true},"in2DMode":false,"pivot":{"x":5.766448020935059,"y":-1.2618383169174195,"z":-3.8804006576538088},"rotation":{"x":-0.01731606014072895,"y":0.9722061157226563,"z":-0.07628922164440155,"w":-0.22067204117774964},"size":19.942707061767579,"orthographic":false}