{"cameraMode":{"drawMode":0,"name":"Shaded","section":"Shading Mode"},"sceneLighting":true,"audioPlay":false,"sceneViewState":{"m_AlwaysRefresh":false,"showFog":true,"showSkybox":true,"showFlares":true,"showImageEffects":true,"showParticleSystems":true,"showVisualEffectGraphs":true,"m_FxEnabled":true},"in2DMode":false,"pivot":{"x":42.772830963134769,"y":-30.713489532470704,"z":-69.89701080322266},"rotation":{"x":0.004185551777482033,"y":-0.9780937433242798,"z":0.20725569128990174,"w":0.019681213423609735},"size":41.08328628540039,"orthographic":false}