{"cameraMode":{"drawMode":0,"name":"Shaded","section":"Shading Mode"},"sceneLighting":true,"audioPlay":false,"sceneViewState":{"m_AlwaysRefresh":false,"showFog":true,"showSkybox":true,"showFlares":true,"showImageEffects":true,"showParticleSystems":true,"showVisualEffectGraphs":true,"m_FxEnabled":true},"in2DMode":false,"pivot":{"x":-3.100006103515625,"y":0.8994500637054443,"z":1.8000030517578126},"rotation":{"x":0.44156041741371157,"y":0.2989383935928345,"z":-0.17343346774578095,"w":0.8283627033233643},"size":241.31814575195313,"orthographic":false}