{"cameraMode":{"drawMode":0,"name":"Shaded","section":"Shading Mode"},"sceneLighting":false,"audioPlay":false,"sceneViewState":{"m_AlwaysRefresh":false,"showFog":true,"showSkybox":false,"showFlares":true,"showImageEffects":true,"showParticleSystems":true,"showVisualEffectGraphs":true,"m_FxEnabled":true},"in2DMode":false,"pivot":{"x":7.156785011291504,"y":-0.17006449401378632,"z":0.35909757018089297},"rotation":{"x":0.23785293102264405,"y":-0.7242054343223572,"z":0.27393460273742678,"w":0.5867995619773865},"size":1.0255006551742554,"orthographic":false}