{"cameraMode":{"drawMode":0,"name":"Shaded","section":"Shading Mode"},"sceneLighting":false,"audioPlay":false,"sceneViewState":{"m_AlwaysRefresh":false,"showFog":true,"showSkybox":false,"showFlares":true,"showImageEffects":true,"showParticleSystems":true,"showVisualEffectGraphs":true,"m_FxEnabled":true},"in2DMode":false,"pivot":{"x":7.1624603271484379,"y":-0.6388193964958191,"z":0.09410887956619263},"rotation":{"x":0.1852201521396637,"y":0.6483297348022461,"z":-0.16692772507667542,"w":0.7193746566772461},"size":1.4062647819519044,"orthographic":false}